userid,dbid,queryid,query,calls,total_time,min_time,max_time,mean_time,stddev_time,rows,shared_blks_hit,shared_blks_read,shared_blks_dirtied,shared_blks_written,local_blks_hit,local_blks_read,local_blks_dirtied,local_blks_written,temp_blks_read,temp_blks_written,blk_read_time,blk_write_time
10,16385,6425910584067443383,COPY (SELECT * FROM pg_stat_database) TO stdout WITH CSV HEADER,1,11.355119,11.355119,11.355119,11.355119,0,5,1,0,0,0,0,0,0,0,0,0,0,0
10,16385,-6767559790556280863,COPY (SELECT * FROM pg_stat_all_tables) TO stdout WITH CSV HEADER,1,1.4938429999999998,1.4938429999999998,1.4938429999999998,1.4938429999999998,0,116,16,2,0,0,0,0,0,0,0,0,0,0
10,16385,-1712481118449147880,COPY (SELECT * FROM pg_stat_all_indexes) TO stdout WITH CSV HEADER,1,2.762819,2.762819,2.762819,2.762819,0,167,956,4,0,0,0,0,0,0,0,0,0,0
10,16385,-3832115078929431881,COPY (SELECT * FROM pg_stat_all_tables) TO stdout WITH CSV HEADER,1,18.355389,18.355389,18.355389,18.355389,0,116,485,45,0,0,0,0,0,0,0,0,0,0
10,16385,6465064219195468563,COPY (SELECT * FROM pg_stat_bgwriter) TO stdout WITH CSV HEADER,1,0.11372299999999999,0.11372299999999999,0.11372299999999999,0.11372299999999999,0,1,0,0,0,0,0,0,0,0,0,0,0,0
10,16385,5707888583666259747,COPY (SELECT * FROM pg_stat_all_indexes) TO stdout WITH CSV HEADER,1,0.662135,0.662135,0.662135,0.662135,0,167,522,0,0,0,0,0,0,0,0,0,0,0
10,16385,435174621275570554,COPY (SELECT * FROM pg_stat_database) TO stdout WITH CSV HEADER,1,26.901758,26.901758,26.901758,26.901758,0,5,111,47,0,0,0,0,0,0,0,0,0,0
10,16385,-5109480985238204195,COPY (SELECT * FROM pg_stat_bgwriter) TO stdout WITH CSV HEADER,1,1.617754,1.617754,1.617754,1.617754,0,1,62,2,0,0,0,0,0,0,0,0,0,0
